dataset_system,incident_id,root_cause_service,fault_type,repetition_id,inject_time,metric_start,metric_end,log_start,log_end,trace_start,trace_end,common_start,common_end,pre_onset_common_duration,post_onset_common_duration,eligible,exclusion_reason
RCAEval RE2-OB,checkoutservice_cpu/1,checkoutservice,cpu,1,1705354566.0,1705353846.0,1705355286.0,1705353846.0673494,1705355285.9686377,1705353846.065,1705355285.97,1705353846.0673494,1705355285.9686377,719.9326505661011,719.9686377048492,True,
RCAEval RE2-OB,checkoutservice_cpu/2,checkoutservice,cpu,2,1708475361.0,1708474641.0,1708475570.0,1708474641.0048997,1708475533.483927,1708474641.0,1708475399.561,1708474641.0048997,1708475399.561,719.9951002597809,38.56100010871887,False,truncated common post-onset coverage (38.6 s)
RCAEval RE2-OB,checkoutservice_cpu/3,checkoutservice,cpu,3,1705623539.0,1705622819.0,1705624259.0,1705622819.0081468,1705624258.9151976,1705622819.007,1705624258.911,1705622819.0081468,1705624258.911,719.9918532371521,719.9110000133514,True,
RCAEval RE2-OB,checkoutservice_cpu/multi-source-data,checkoutservice,cpu,multi-source-data,1705354566.0,1705353846.0,1705355286.0,1705353846.0673494,1705355285.9686377,1705353846.065,1705355285.97,1705353846.0673494,1705355285.9686377,719.9326505661011,719.9686377048492,False,nonstandard extra directory; not an independent numbered repetition
RCAEval RE2-OB,checkoutservice_delay/1,checkoutservice,delay,1,1705666511.0,1705665791.0,1705667231.0,1705665791.000073,1705667230.9994743,1705665791.0,1705667231.0,1705665791.000073,1705667230.9994743,719.9999270439148,719.9994742870331,True,
RCAEval RE2-OB,checkoutservice_delay/2,checkoutservice,delay,2,1705668921.0,1705668201.0,1705669641.0,1705668201.0038884,1705669640.9857671,1705668201.0,1705669640.999,1705668201.0038884,1705669640.9857671,719.9961116313934,719.9857671260834,True,
RCAEval RE2-OB,checkoutservice_delay/3,checkoutservice,delay,3,1705671342.0,1705670622.0,1705672062.0,1705670622.0258589,1705672061.9977412,1705670622.025,1705672062.0,1705670622.0258589,1705672061.9977412,719.9741411209106,719.9977412223816,True,
RCAEval RE2-OB,checkoutservice_disk/1,checkoutservice,disk,1,1705373910.0,1705373190.0,1705374630.0,1705373190.062769,1705374629.9939613,1705373190.0,1705374629.99,1705373190.062769,1705374629.99,719.9372310638428,719.9900000095367,True,
RCAEval RE2-OB,checkoutservice_disk/2,checkoutservice,disk,2,1705765528.0,1705764808.0,1705766248.0,1705764808.0549335,1705766247.8637137,1705764808.054,1705766247.86,1705764808.0549335,1705766247.86,719.9450664520264,719.8599998950958,True,
RCAEval RE2-OB,checkoutservice_disk/3,checkoutservice,disk,3,1705767825.0,1705767105.0,1705768545.0,1705767105.0122478,1705768544.9919767,1705767105.0,1705768545.0,1705767105.0122478,1705768544.9919767,719.987752199173,719.9919767379761,True,
RCAEval RE2-OB,checkoutservice_loss/1,checkoutservice,loss,1,1705376266.0,1705375546.0,1705376986.0,1705375546.0359664,1705376985.9933455,1705375546.035,1705376985.99,1705375546.0359664,1705376985.99,719.9640336036682,719.9900000095367,True,
RCAEval RE2-OB,checkoutservice_loss/2,checkoutservice,loss,2,1705673762.0,1705673042.0,1705674482.0,1705673042.0100374,1705674481.99904,1705673042.0,1705674481.998,1705673042.0100374,1705674481.998,719.9899625778198,719.9979999065399,True,
RCAEval RE2-OB,checkoutservice_loss/3,checkoutservice,loss,3,1708489141.0,1708488421.0,1708489861.0,1708488421.033781,1708489860.995799,1708488421.033,1708489860.999,1708488421.033781,1708489860.995799,719.9662189483643,719.9957990646362,True,
RCAEval RE2-OB,checkoutservice_mem/1,checkoutservice,mem,1,1705462070.0,1705461350.0,1705462790.0,1705461350.0148637,1705462789.9508734,1705461350.015,1705462789.95,1705461350.015,1705462789.95,719.9849998950958,719.9500000476837,True,
RCAEval RE2-OB,checkoutservice_mem/2,checkoutservice,mem,2,1705626077.0,1705625357.0,1705626360.0,1705625357.0000505,1705626345.0556502,1705625357.002,1705626508.963,1705625357.002,1705626345.0556502,719.9979999065399,268.0556502342224,False,truncated common post-onset coverage (268.1 s)
RCAEval RE2-OB,checkoutservice_mem/3,checkoutservice,mem,3,1705627856.0,1705627136.0,1705628576.0,1705627136.0139754,1705628575.9982605,1705627136.013,1705628576.0,1705627136.0139754,1705628575.9982605,719.9860246181488,719.9982604980469,True,
RCAEval RE2-OB,checkoutservice_socket/1,checkoutservice,socket,1,1705656313.0,1705655593.0,1705657033.0,1705655593.0028753,1705657032.8244362,1705655593.0,1705657032.82,1705655593.0028753,1705657032.82,719.997124671936,719.8199999332428,True,
RCAEval RE2-OB,checkoutservice_socket/2,checkoutservice,socket,2,1705660355.0,1705659635.0,1705661075.0,1705659635.2130184,1705661074.9993167,1705659635.212,1705661074.999,1705659635.2130184,1705661074.999,719.7869815826416,719.9990000724792,True,
RCAEval RE2-OB,checkoutservice_socket/3,checkoutservice,socket,3,1705664091.0,1705663371.0,1705664811.0,1705663371.0014622,1705664810.9998572,1705663371.041,1705664810.999,1705663371.041,1705664810.999,719.9590001106262,719.9990000724792,True,
RCAEval RE2-OB,currencyservice_cpu/1,currencyservice,cpu,1,1705682817.0,1705682097.0,1705683537.0,1705682097.0579479,1705683536.9160993,1705682097.057,1705683536.912,1705682097.0579479,1705683536.912,719.9420521259308,719.9119999408722,True,
RCAEval RE2-OB,currencyservice_cpu/2,currencyservice,cpu,2,1705685216.0,1705684496.0,1705685936.0,1705684496.0220973,1705685935.9978578,1705684496.021,1705685936.0,1705684496.0220973,1705685935.9978578,719.9779026508331,719.9978578090668,True,
RCAEval RE2-OB,currencyservice_cpu/3,currencyservice,cpu,3,1705687618.0,1705686898.0,1705688338.0,1705686898.0065117,1705688337.9904811,1705686898.001,1705688337.983,1705686898.0065117,1705688337.983,719.9934883117676,719.9830000400543,True,
RCAEval RE2-OB,currencyservice_delay/1,currencyservice,delay,1,1705702012.0,1705701292.0,1705702732.0,1705701292.0345726,1705702731.962354,1705701292.034,1705702731.966,1705701292.0345726,1705702731.962354,719.9654273986816,719.9623539447784,True,
RCAEval RE2-OB,currencyservice_delay/2,currencyservice,delay,2,1705704343.0,1705703623.0,1705705063.0,1705703623.1079023,1705705062.9750555,1705703623.107,1705705062.988,1705703623.1079023,1705705062.9750555,719.8920977115631,719.9750554561615,True,
RCAEval RE2-OB,currencyservice_delay/3,currencyservice,delay,3,1705706604.0,1705705884.0,1705707324.0,1705705884.0029936,1705707323.9701211,1705705884.062,1705707324.0,1705705884.062,1705707323.9701211,719.9379999637604,719.9701211452484,True,
RCAEval RE2-OB,currencyservice_disk/1,currencyservice,disk,1,1705386669.0,1705385949.0,1705387389.0,1705385949.0758057,1705387388.9731834,1705385949.075,1705387388.975,1705385949.0758057,1705387388.9731834,719.9241943359375,719.9731833934784,True,
RCAEval RE2-OB,currencyservice_disk/2,currencyservice,disk,2,1705692434.0,1705691714.0,1705693154.0,1705691714.001001,1705693153.9964116,1705691714.0,1705693154.0,1705691714.001001,1705693153.9964116,719.9989991188049,719.9964115619659,True,
RCAEval RE2-OB,currencyservice_disk/3,currencyservice,disk,3,1705694833.0,1705694113.0,1705695553.0,1705694113.0021627,1705695552.9910612,1705694113.0,1705695552.99,1705694113.0021627,1705695552.99,719.997837305069,719.9900000095367,True,
RCAEval RE2-OB,currencyservice_loss/1,currencyservice,loss,1,1705388941.0,1705388221.0,1705389661.0,1705388221.06546,1705389660.8962665,1705388221.062,1705389660.895,1705388221.06546,1705389660.895,719.9345400333405,719.8949999809265,True,
RCAEval RE2-OB,currencyservice_loss/2,currencyservice,loss,2,1705708871.0,1705708151.0,1705709591.0,1705708151.0071366,1705709590.8647084,1705708151.0,1705709590.864,1705708151.0071366,1705709590.864,719.9928634166718,719.864000082016,True,
RCAEval RE2-OB,currencyservice_loss/3,currencyservice,loss,3,1705711158.0,1705710438.0,1705711878.0,1705710438.2303824,1705711877.8976536,1705710438.23,1705711877.896,1705710438.2303824,1705711877.896,719.7696175575256,719.8959999084473,True,
RCAEval RE2-OB,currencyservice_mem/1,currencyservice,mem,1,1705464519.0,1705463799.0,1705465239.0,1705463799.098668,1705465238.9843903,1705463799.098,1705465238.992,1705463799.098668,1705465238.9843903,719.9013319015503,719.9843902587891,True,
RCAEval RE2-OB,currencyservice_mem/2,currencyservice,mem,2,1705749889.0,1705749169.0,1705750609.0,1705749169.0023465,1705750608.9937553,1705749169.002,1705750608.998,1705749169.0023465,1705750608.9937553,719.9976534843445,719.9937553405762,True,
RCAEval RE2-OB,currencyservice_mem/3,currencyservice,mem,3,1705690057.0,1705689337.0,1705690777.0,1705689337.000822,1705690776.945146,1705689337.0,1705690776.947,1705689337.000822,1705690776.945146,719.9991779327393,719.9451460838318,True,
RCAEval RE2-OB,currencyservice_socket/1,currencyservice,socket,1,1705479661.0,1705478941.0,1705480381.0,1705478941.0151668,1705480380.9897935,1705478941.018,1705480381.0,1705478941.018,1705480380.9897935,719.9820001125336,719.9897935390472,True,
RCAEval RE2-OB,currencyservice_socket/2,currencyservice,socket,2,1705697241.0,1705696521.0,1705697961.0,1705696521.1296213,1705697960.9170153,1705696521.129,1705697960.913,1705696521.1296213,1705697960.913,719.8703787326813,719.9130001068115,True,
RCAEval RE2-OB,currencyservice_socket/3,currencyservice,socket,3,1705699619.0,1705698899.0,1705700339.0,1705698899.0038512,1705700338.9921334,1705698899.0,1705700339.0,1705698899.0038512,1705700338.9921334,719.9961488246918,719.9921333789825,True,
RCAEval RE2-OB,emailservice_cpu/1,emailservice,cpu,1,1705350165.0,1705349445.0,1705350885.0,1705349445.1211317,1705350884.9724176,1705349445.111,1705350885.0,1705349445.1211317,1705350884.9724176,719.8788683414459,719.9724175930023,True,
RCAEval RE2-OB,emailservice_cpu/2,emailservice,cpu,2,1705592998.0,1705592278.0,1705593718.0,1705592278.0050642,1705593717.9729714,1705592278.0,1705593717.969,1705592278.0050642,1705593717.969,719.9949357509613,719.9690001010895,True,
RCAEval RE2-OB,emailservice_cpu/3,emailservice,cpu,3,1705595469.0,1705594749.0,1705596189.0,1705594749.0005066,1705596188.9910464,1705594749.0,1705596188.985,1705594749.0005066,1705596188.985,719.9994933605194,719.9849998950958,True,
RCAEval RE2-OB,emailservice_delay/1,emailservice,delay,1,1705733346.0,1705732626.0,1705734066.0,1705732626.0027642,1705734065.929504,1705732626.0,1705734065.923,1705732626.0027642,1705734065.923,719.9972357749939,719.9230000972748,True,
RCAEval RE2-OB,emailservice_delay/2,emailservice,delay,2,1705735702.0,1705734982.0,1705736422.0,1705734982.0023675,1705736421.9896264,1705734982.0,1705736422.0,1705734982.0023675,1705736421.9896264,719.9976325035095,719.9896264076233,True,
RCAEval RE2-OB,emailservice_delay/3,emailservice,delay,3,1705738059.0,1705737339.0,1705738779.0,1705737339.0101712,1705738778.9301279,1705737339.009,1705738778.927,1705737339.0101712,1705738778.927,719.989828824997,719.9270000457764,True,
RCAEval RE2-OB,emailservice_disk/1,emailservice,disk,1,1705370095.0,1705369375.0,1705370815.0,1705369375.0643206,1705370814.9031777,1705369375.062,1705370814.899,1705369375.0643206,1705370814.899,719.93567943573,719.8989999294281,True,
RCAEval RE2-OB,emailservice_disk/2,emailservice,disk,2,1705602964.0,1705602244.0,1705603684.0,1705602244.0239499,1705603683.8765092,1705602244.023,1705603683.872,1705602244.0239499,1705603683.872,719.9760501384735,719.8719999790192,True,
RCAEval RE2-OB,emailservice_disk/3,emailservice,disk,3,1705719294.0,1705718574.0,1705720014.0,1705718574.0039847,1705719884.1079485,1705718574.002,1705719884.376,1705718574.0039847,1705719884.1079485,719.9960153102875,590.1079485416412,False,truncated common post-onset coverage (590.1 s)
RCAEval RE2-OB,emailservice_loss/1,emailservice,loss,1,1705351632.0,1705350912.0,1705352352.0,1705350912.4066699,1705352351.9915984,1705350912.191,1705352351.993,1705350912.4066699,1705352351.9915984,719.5933301448822,719.991598367691,True,
RCAEval RE2-OB,emailservice_loss/2,emailservice,loss,2,1705740414.0,1705739694.0,1705741134.0,1705739694.2156293,1705741133.998368,1705739694.215,1705741134.0,1705739694.2156293,1705741133.998368,719.7843706607819,719.998368024826,True,
RCAEval RE2-OB,emailservice_loss/3,emailservice,loss,3,1705742773.0,1705742053.0,1705743493.0,1705742053.0019963,1705743492.9979403,1705742053.0,1705743493.0,1705742053.0019963,1705743492.9979403,719.9980037212372,719.9979403018951,True,
RCAEval RE2-OB,emailservice_mem/1,emailservice,mem,1,1705475505.0,1705474785.0,1705476225.0,1705474785.0001028,1705476224.9989383,1705474785.283,1705476225.0,1705474785.283,1705476224.9989383,719.7170000076294,719.9989383220673,True,
RCAEval RE2-OB,emailservice_mem/2,emailservice,mem,2,1705597985.0,1705597265.0,1705598705.0,1705597265.0042398,1705598704.9994752,1705597265.001,1705598705.0,1705597265.0042398,1705598704.9994752,719.9957602024078,719.9994752407074,True,
RCAEval RE2-OB,emailservice_mem/3,emailservice,mem,3,1705600502.0,1705599782.0,1705601222.0,1705599782.0876386,1705601221.9978218,1705599782.087,1705601221.999,1705599782.0876386,1705601221.9978218,719.9123613834381,719.9978218078613,True,
RCAEval RE2-OB,emailservice_socket/1,emailservice,socket,1,1705726260.0,1705725540.0,1705726980.0,1705725540.172438,1705726979.997911,1705725540.002,1705726980.0,1705725540.172438,1705726979.997911,719.8275620937347,719.9979109764099,True,
RCAEval RE2-OB,emailservice_socket/2,emailservice,socket,2,1705728625.0,1705727905.0,1705729345.0,1705727905.3314524,1705729344.999124,1705727905.001,1705729344.996,1705727905.3314524,1705729344.996,719.6685476303101,719.9960000514984,True,
RCAEval RE2-OB,emailservice_socket/3,emailservice,socket,3,1705730978.0,1705730258.0,1705731698.0,1705730258.0003595,1705731697.9983099,1705730258.003,1705731697.999,1705730258.003,1705731697.9983099,719.9969999790192,719.9983098506927,True,
RCAEval RE2-OB,productcatalogservice_cpu/1,productcatalogservice,cpu,1,1705340542.0,1705339822.0,1705341262.0,1705339822.0493808,1705341261.9992175,1705339822.0,1705341262.0,1705339822.0493808,1705341261.9992175,719.9506192207336,719.9992175102234,True,
RCAEval RE2-OB,productcatalogservice_cpu/2,productcatalogservice,cpu,2,1705486848.0,1705486128.0,1705487568.0,1705486128.0016997,1705487567.999041,1705486128.0,1705487567.999,1705486128.0016997,1705487567.999,719.9983003139496,719.9990000724792,True,
RCAEval RE2-OB,productcatalogservice_cpu/3,productcatalogservice,cpu,3,1705489222.0,1705488502.0,1705489942.0,1705488502.001815,1705489941.9829776,1705488502.0,1705489942.0,1705488502.001815,1705489941.9829776,719.9981849193573,719.9829776287079,True,
RCAEval RE2-OB,productcatalogservice_delay/1,productcatalogservice,delay,1,1705394578.0,1705393858.0,1705395298.0,1705393858.001983,1705395297.997067,1705393858.0,1705395298.0,1705393858.001983,1705395297.997067,719.9980170726776,719.9970669746399,True,
RCAEval RE2-OB,productcatalogservice_delay/2,productcatalogservice,delay,2,1705514496.0,1705513776.0,1705515216.0,1705513776.0016463,1705515215.9991019,1705513776.001,1705515215.998,1705513776.0016463,1705515215.998,719.9983537197113,719.9979999065399,True,
RCAEval RE2-OB,productcatalogservice_delay/3,productcatalogservice,delay,3,1705516829.0,1705516109.0,1705517549.0,1705516109.002257,1705517548.9907663,1705516109.0,1705517548.994,1705516109.002257,1705517548.9907663,719.9977428913116,719.99076628685,True,
RCAEval RE2-OB,productcatalogservice_disk/1,productcatalogservice,disk,1,1705360699.0,1705359979.0,1705361419.0,1705359979.0006247,1705361418.962037,1705359979.0,1705361418.969,1705359979.0006247,1705361418.962037,719.9993753433228,719.9620370864868,True,
RCAEval RE2-OB,productcatalogservice_disk/2,productcatalogservice,disk,2,1705496111.0,1705495391.0,1705496831.0,1705495391.000856,1705496830.9998903,1705495391.0,1705496831.0,1705495391.000856,1705496830.9998903,719.999144077301,719.9998903274536,True,
RCAEval RE2-OB,productcatalogservice_disk/3,productcatalogservice,disk,3,1708472972.0,1708472252.0,1708473692.0,1708472252.0024755,1708473691.9827473,1708472252.0,1708473691.982,1708472252.0024755,1708473691.982,719.9975244998932,719.9820001125336,True,
RCAEval RE2-OB,productcatalogservice_loss/1,productcatalogservice,loss,1,1705342830.0,1705342110.0,1705343550.0,1705342110.0007942,1705343548.263069,1705342110.001,1705343549.558,1705342110.001,1705343548.263069,719.9990000724792,718.2630689144135,True,
RCAEval RE2-OB,productcatalogservice_loss/2,productcatalogservice,loss,2,1705519114.0,1705518394.0,1705519834.0,1705518394.0026913,1705519830.114355,1705518394.002,1705519833.621,1705518394.0026913,1705519830.114355,719.9973087310791,716.1143550872803,True,
RCAEval RE2-OB,productcatalogservice_loss/3,productcatalogservice,loss,3,1705717097.0,1705716377.0,1705717817.0,1705716377.0044074,1705717816.7307823,1705716377.001,1705717816.732,1705716377.0044074,1705717816.7307823,719.9955925941467,719.7307822704315,True,
RCAEval RE2-OB,productcatalogservice_mem/1,productcatalogservice,mem,1,1705357616.0,1705356896.0,1705358336.0,1705356896.2717855,1705358335.962664,1705356896.271,1705358335.962,1705356896.2717855,1705358335.962,719.7282145023346,719.9619998931885,True,
RCAEval RE2-OB,productcatalogservice_mem/2,productcatalogservice,mem,2,1705491651.0,1705490931.0,1705492371.0,1705490931.0128703,1705492370.7593405,1705490931.0,1705492370.759,1705490931.0128703,1705492370.759,719.9871296882629,719.7590000629425,True,
RCAEval RE2-OB,productcatalogservice_mem/3,productcatalogservice,mem,3,1705493908.0,1705493188.0,1705494628.0,1705493188.0036235,1705494627.9998362,1705493188.003,1705494627.995,1705493188.0036235,1705494627.995,719.9963765144348,719.9949998855591,True,
RCAEval RE2-OB,productcatalogservice_socket/1,productcatalogservice,socket,1,1705392233.0,1705391513.0,1705392953.0,1705391513.1254566,1705392952.9827602,1705391513.125,1705392952.988,1705391513.1254566,1705392952.9827602,719.874543428421,719.9827601909637,True,
RCAEval RE2-OB,productcatalogservice_socket/2,productcatalogservice,socket,2,1705509677.0,1705508957.0,1705510397.0,1705508957.0019567,1705510396.59167,1705508957.0,1705510396.642,1705508957.0019567,1705510396.59167,719.9980432987213,719.5916700363159,True,
RCAEval RE2-OB,productcatalogservice_socket/3,productcatalogservice,socket,3,1705512067.0,1705511347.0,1705512787.0,1705511347.0062115,1705512786.9969223,1705511347.001,1705512786.999,1705511347.0062115,1705512786.9969223,719.9937884807587,719.9969222545624,True,
RCAEval RE2-OB,recommendationservice_cpu/1,recommendationservice,cpu,1,1705345765.0,1705345045.0,1705346485.0,1705345045.0032904,1705346484.9992094,1705345045.0,1705346485.0,1705345045.0032904,1705346484.9992094,719.9967095851898,719.9992094039917,True,
RCAEval RE2-OB,recommendationservice_cpu/2,recommendationservice,cpu,2,1705525832.0,1705525112.0,1705526552.0,1705525112.0418434,1705526551.9800777,1705525112.041,1705526551.982,1705525112.0418434,1705526551.9800777,719.9581565856934,719.9800777435303,True,
RCAEval RE2-OB,recommendationservice_cpu/3,recommendationservice,cpu,3,1705528257.0,1705527537.0,1705528977.0,1705527537.0051138,1705528976.9959888,1705527537.004,1705528977.0,1705527537.0051138,1705528976.9959888,719.9948861598969,719.9959888458252,True,
RCAEval RE2-OB,recommendationservice_delay/1,recommendationservice,delay,1,1705400377.0,1705399657.0,1705401097.0,1705399657.1335692,1705401096.9978642,1705399657.133,1705401097.0,1705399657.1335692,1705401096.9978642,719.8664307594299,719.9978642463684,True,
RCAEval RE2-OB,recommendationservice_delay/2,recommendationservice,delay,2,1705545315.0,1705544595.0,1705546035.0,1705544595.0224304,1705546034.9807532,1705544595.017,1705546034.985,1705544595.0224304,1705546034.9807532,719.9775695800781,719.9807531833649,True,
RCAEval RE2-OB,recommendationservice_delay/3,recommendationservice,delay,3,1705547762.0,1705547042.0,1705548482.0,1705547042.0848267,1705548481.9965277,1705547042.084,1705548481.998,1705547042.0848267,1705548481.9965277,719.91517329216,719.996527671814,True,
RCAEval RE2-OB,recommendationservice_disk/1,recommendationservice,disk,1,1705366522.0,1705365802.0,1705367242.0,1705365802.003483,1705367241.6662028,1705365802.006,1705367241.667,1705365802.006,1705367241.6662028,719.9939999580383,719.6662027835846,True,
RCAEval RE2-OB,recommendationservice_disk/2,recommendationservice,disk,2,1705535461.0,1705534741.0,1705536181.0,1705534741.1187527,1705536180.9974692,1705534741.118,1705536180.991,1705534741.1187527,1705536180.991,719.8812472820282,719.9909999370575,True,
RCAEval RE2-OB,recommendationservice_disk/3,recommendationservice,disk,3,1705537934.0,1705537214.0,1705538654.0,1705537214.0006971,1705538653.9849863,1705537214.003,1705538653.981,1705537214.003,1705538653.981,719.9969999790192,719.9809999465942,True,
RCAEval RE2-OB,recommendationservice_loss/1,recommendationservice,loss,1,1705347231.0,1705346511.0,1705347951.0,1705346511.0015802,1705347950.9999301,1705346511.0,1705347950.992,1705346511.0015802,1705347950.992,719.9984197616577,719.9920001029968,True,
RCAEval RE2-OB,recommendationservice_loss/2,recommendationservice,loss,2,1705583459.0,1705582739.0,1705584179.0,1705582739.001164,1705584178.970468,1705582739.097,1705584178.967,1705582739.097,1705584178.967,719.9030001163483,719.9670000076294,True,
RCAEval RE2-OB,recommendationservice_loss/3,recommendationservice,loss,3,1705757332.0,1705756612.0,1705758052.0,1705756612.0294514,1705758051.9923456,1705756612.028,1705758051.994,1705756612.0294514,1705758051.9923456,719.9705486297607,719.992345571518,True,
RCAEval RE2-OB,recommendationservice_mem/1,recommendationservice,mem,1,1705458232.0,1705457512.0,1705458952.0,1705457512.0198882,1705458951.9445133,1705457512.017,1705458951.945,1705457512.0198882,1705458951.9445133,719.9801118373871,719.9445133209229,True,
RCAEval RE2-OB,recommendationservice_mem/2,recommendationservice,mem,2,1705530692.0,1705529972.0,1705531412.0,1705529972.001948,1705531411.9445193,1705529972.0,1705531411.944,1705529972.001948,1705531411.944,719.9980518817902,719.944000005722,True,
RCAEval RE2-OB,recommendationservice_mem/3,recommendationservice,mem,3,1705533073.0,1705532353.0,1705533793.0,1705532353.000017,1705533792.8863358,1705532353.0,1705533792.881,1705532353.000017,1705533792.881,719.9999830722809,719.8810000419617,True,
RCAEval RE2-OB,recommendationservice_socket/1,recommendationservice,socket,1,1705398242.0,1705397522.0,1705398962.0,1705397522.2377148,1705398961.8768795,1705397522.237,1705398961.872,1705397522.2377148,1705398961.872,719.762285232544,719.8719999790192,True,
RCAEval RE2-OB,recommendationservice_socket/2,recommendationservice,socket,2,1705540396.0,1705539676.0,1705541116.0,1705539676.1517231,1705541115.5183632,1705539676.151,1705541115.514,1705539676.1517231,1705541115.514,719.8482768535614,719.5139999389648,True,
RCAEval RE2-OB,recommendationservice_socket/3,recommendationservice,socket,3,1705542843.0,1705542123.0,1705543563.0,1705542123.0001168,1705543562.943769,1705542123.0,1705543562.939,1705542123.0001168,1705543562.939,719.9998831748962,719.9389998912811,True,
RCAEval RE2-TT,ts-auth-service_cpu/1,ts-auth-service,cpu,1,1705918105.0,1705917385.0,1705918825.0,1705917385.0015962,1705918824.9871335,1705917385.0,1705918825.0,1705917385.0015962,1705918824.9871335,719.9984037876129,719.9871335029602,True,
RCAEval RE2-TT,ts-auth-service_cpu/2,ts-auth-service,cpu,2,1706023611.0,1706022891.0,1706024331.0,1706022891.2394795,1706024330.9663677,1706022891.238,1706024330.999,1706022891.2394795,1706024330.9663677,719.7605204582214,719.9663677215576,True,
RCAEval RE2-TT,ts-auth-service_cpu/3,ts-auth-service,cpu,3,1706025155.0,1706024435.0,1706025875.0,1706024435.271974,1706025874.9065373,1706024435.002,1706025874.901,1706024435.271974,1706025874.901,719.7280259132385,719.9010000228882,True,
RCAEval RE2-TT,ts-auth-service_delay/1,ts-auth-service,delay,1,1705921865.0,1705921145.0,1705922585.0,1705921145.4298682,1705922584.918116,1705921145.002,1705922584.999,1705921145.4298682,1705922584.918116,719.570131778717,719.9181160926819,True,
RCAEval RE2-TT,ts-auth-service_delay/2,ts-auth-service,delay,2,1706043049.0,1706042329.0,1706043769.0,1706042329.0362391,1706043768.9327219,1706042329.036,1706043768.927,1706042329.0362391,1706043768.927,719.9637608528137,719.9270000457764,True,
RCAEval RE2-TT,ts-auth-service_delay/3,ts-auth-service,delay,3,1708817505.0,1708816785.0,1708818225.0,1708816785.0398493,1708818224.9356747,1708816785.0,1708818224.929,1708816785.0398493,1708818224.929,719.960150718689,719.9289999008179,True,
RCAEval RE2-TT,ts-auth-service_disk/1,ts-auth-service,disk,1,1705980016.0,1705979296.0,1705980736.0,1705979296.6033673,1705980735.9980938,1705979296.601,1705980736.0,1705979296.6033673,1705980735.9980938,719.3966326713562,719.9980938434601,True,
RCAEval RE2-TT,ts-auth-service_disk/2,ts-auth-service,disk,2,1706031906.0,1706031186.0,1706032626.0,1706031186.1777341,1706032625.0877533,1706031186.175,1706032625.082,1706031186.1777341,1706032625.082,719.8222658634186,719.0820000171661,True,
RCAEval RE2-TT,ts-auth-service_disk/3,ts-auth-service,disk,3,1706033453.0,1706032733.0,1706034173.0,1706032733.0117822,1706034172.9949226,1706032733.008,1706034172.997,1706032733.0117822,1706034172.9949226,719.988217830658,719.9949226379395,True,
RCAEval RE2-TT,ts-auth-service_loss/1,ts-auth-service,loss,1,1705983003.0,1705982283.0,1705983723.0,1705982283.5128965,1705983722.9997284,1705982283.511,1705983722.999,1705982283.5128965,1705983722.999,719.4871034622192,719.9990000724792,True,
RCAEval RE2-TT,ts-auth-service_loss/2,ts-auth-service,loss,2,1706044594.0,1706043874.0,1706045314.0,1706043874.0514047,1706045312.823497,1706043874.049,1706045312.818,1706043874.0514047,1706045312.818,719.9485952854156,718.8180000782013,True,
RCAEval RE2-TT,ts-auth-service_loss/3,ts-auth-service,loss,3,1706046142.0,1706045422.0,1706046862.0,1706045422.005958,1706046861.994215,1706045422.0,1706046862.0,1706045422.005958,1706046861.994215,719.9940419197083,719.9942150115967,True,
RCAEval RE2-TT,ts-auth-service_mem/1,ts-auth-service,mem,1,1706026700.0,1706025980.0,1706027420.0,1706025980.0045297,1706027419.999969,1706025980.003,1706027419.998,1706025980.0045297,1706027419.998,719.9954702854156,719.9979999065399,True,
RCAEval RE2-TT,ts-auth-service_mem/2,ts-auth-service,mem,2,1706028246.0,1706027526.0,1706028966.0,1706027526.0650032,1706028965.8614933,1706027526.103,1706028965.844,1706027526.103,1706028965.844,719.8970000743866,719.8440001010895,True,
RCAEval RE2-TT,ts-auth-service_mem/3,ts-auth-service,mem,3,1708747254.0,1708746534.0,1708747974.0,1708746534.0299723,1708747973.9970765,1708746534.028,1708747973.998,1708746534.0299723,1708747973.9970765,719.9700276851654,719.997076511383,True,
RCAEval RE2-TT,ts-auth-service_socket/1,ts-auth-service,socket,1,1705981508.0,1705980788.0,1705982228.0,1705980788.111494,1705982227.9981265,1705980788.049,1705982227.998,1705980788.111494,1705982227.998,719.888505935669,719.9979999065399,True,
RCAEval RE2-TT,ts-auth-service_socket/2,ts-auth-service,socket,2,1708748796.0,1708748076.0,1708749516.0,1708748076.0097318,1708749515.9997406,1708748076.0,1708749516.0,1708748076.0097318,1708749515.9997406,719.9902682304382,719.9997406005859,True,
RCAEval RE2-TT,ts-auth-service_socket/3,ts-auth-service,socket,3,1706036545.0,1706035825.0,1706037265.0,1706035825.0020268,1706037264.9675899,1706035825.001,1706037264.999,1706035825.0020268,1706037264.9675899,719.9979732036591,719.9675898551941,True,
RCAEval RE2-TT,ts-order-service_cpu/1,ts-order-service,cpu,1,1705935125.0,1705934405.0,1705935845.0,1705934405.0008366,1705935844.8986268,1705934405.002,1705935844.898,1705934405.002,1705935844.898,719.9979999065399,719.8980000019073,True,
RCAEval RE2-TT,ts-order-service_cpu/2,ts-order-service,cpu,2,1706051909.0,1706051189.0,1706052629.0,1706051189.0007734,1706052628.9655876,1706051189.0,1706052628.961,1706051189.0007734,1706052628.961,719.9992265701294,719.9609999656677,True,
RCAEval RE2-TT,ts-order-service_cpu/3,ts-order-service,cpu,3,1706053461.0,1706052741.0,1706054181.0,1706052741.0086262,1706054180.9902816,1706052741.002,1706054094.836,1706052741.0086262,1706054094.836,719.9913737773895,633.8359999656677,True,
RCAEval RE2-TT,ts-order-service_delay/1,ts-order-service,delay,1,1705952245.0,1705951525.0,1705952965.0,1705951525.318021,1705952673.8891137,1705951525.002,1705952675.066,1705951525.318021,1705952673.8891137,719.6819789409637,428.8891136646271,False,truncated common post-onset coverage (428.9 s)
RCAEval RE2-TT,ts-order-service_delay/2,ts-order-service,delay,2,1706067125.0,1706066405.0,1706067845.0,1706066405.1093361,1706067844.91038,1706066405.107,1706067844.91,1706066405.1093361,1706067844.91,719.8906638622284,719.9100000858307,True,
RCAEval RE2-TT,ts-order-service_delay/3,ts-order-service,delay,3,1706068673.0,1706067953.0,1706069393.0,1706067953.024071,1706069392.8926992,1706067953.022,1706069392.887,1706067953.024071,1706069392.887,719.9759290218353,719.8870000839233,True,
RCAEval RE2-TT,ts-order-service_disk/1,ts-order-service,disk,1,1705985281.0,1705984561.0,1705986001.0,1705984561.1511166,1705986000.8174794,1705984561.149,1705986000.999,1705984561.1511166,1705986000.8174794,719.8488833904266,719.8174793720245,True,
RCAEval RE2-TT,ts-order-service_disk/2,ts-order-service,disk,2,1706059803.0,1706059083.0,1706060523.0,1706059083.1067924,1706060522.3519094,1706059083.104,1706060522.345,1706059083.1067924,1706060522.345,719.8932075500488,719.3450000286102,True,
RCAEval RE2-TT,ts-order-service_disk/3,ts-order-service,disk,3,1706061352.0,1706060632.0,1706062072.0,1706060632.0024471,1706062071.8399425,1706060632.002,1706062071.839,1706060632.0024471,1706062071.839,719.9975528717041,719.8389999866486,True,
RCAEval RE2-TT,ts-order-service_loss/1,ts-order-service,loss,1,1705988266.0,1705987546.0,1705988986.0,1705987546.0755231,1705988985.98932,1705987546.0,1705988986.0,1705987546.0755231,1705988985.98932,719.9244768619537,719.9893200397491,True,
RCAEval RE2-TT,ts-order-service_loss/2,ts-order-service,loss,2,1706070221.0,1706069501.0,1706070941.0,1706069501.074352,1706070940.4398339,1706069501.071,1706070940.434,1706069501.074352,1706070940.434,719.9256479740143,719.4340000152588,True,
RCAEval RE2-TT,ts-order-service_loss/3,ts-order-service,loss,3,1706071770.0,1706071050.0,1706072490.0,1706071050.224487,1706072489.99856,1706071050.223,1706072489.998,1706071050.224487,1706072489.998,719.7755129337311,719.9979999065399,True,
RCAEval RE2-TT,ts-order-service_mem/1,ts-order-service,mem,1,1706198902.0,1706198182.0,1706199622.0,1706198182.3696322,1706199621.973367,1706198182.37,1706199621.967,1706198182.37,1706199621.967,719.6300001144409,719.9670000076294,True,
RCAEval RE2-TT,ts-order-service_mem/2,ts-order-service,mem,2,1708443983.0,1708443263.0,1708444703.0,1708443263.055513,1708444702.999011,1708443263.055,1708444702.998,1708443263.055513,1708444702.998,719.9444870948792,719.9979999065399,True,
RCAEval RE2-TT,ts-order-service_mem/3,ts-order-service,mem,3,1706200452.0,1706199732.0,1706201172.0,1706199732.00644,1706201171.997809,1706199732.0,1706201172.0,1706199732.00644,1706201171.997809,719.9935600757599,719.997808933258,True,
RCAEval RE2-TT,ts-order-service_socket/1,ts-order-service,socket,1,1705986772.0,1705986052.0,1705987492.0,1705986052.3131442,1705987491.9531603,1705986052.312,1705987491.952,1705986052.3131442,1705987491.952,719.6868557929993,719.9519999027252,True,
RCAEval RE2-TT,ts-order-service_socket/2,ts-order-service,socket,2,1706062900.0,1706062180.0,1706063620.0,1706062180.000139,1706063619.2929692,1706062180.008,1706063619.288,1706062180.008,1706063619.288,719.9920001029968,719.2880001068115,True,
RCAEval RE2-TT,ts-order-service_socket/3,ts-order-service,socket,3,1708751883.0,1708751163.0,1708752603.0,1708751163.0000978,1708752602.9936738,1708751163.004,1708752603.0,1708751163.004,1708752602.9936738,719.9960000514984,719.9936738014221,True,
RCAEval RE2-TT,ts-route-service_cpu/1,ts-route-service,cpu,1,1705938117.0,1705937397.0,1705938837.0,1705937397.004235,1705938836.720425,1705937397.0,1705938836.713,1705937397.004235,1705938836.713,719.9957649707794,719.7130000591278,True,
RCAEval RE2-TT,ts-route-service_cpu/2,ts-route-service,cpu,2,1706076163.0,1706075443.0,1706076883.0,1706075443.1584954,1706076882.995767,1706075443.156,1706076882.988,1706075443.1584954,1706076882.988,719.841504573822,719.9879999160767,True,
RCAEval RE2-TT,ts-route-service_cpu/3,ts-route-service,cpu,3,1706077706.0,1706076986.0,1706078426.0,1706076986.2761571,1706078425.950224,1706076986.436,1706078425.946,1706076986.436,1706078425.946,719.5639998912811,719.9460000991821,True,
RCAEval RE2-TT,ts-route-service_delay/1,ts-route-service,delay,1,1705939611.0,1705938891.0,1705940331.0,1705938891.0716543,1705940330.998912,1705938891.069,1705940331.0,1705938891.0716543,1705940330.998912,719.9283456802368,719.9989120960236,True,
RCAEval RE2-TT,ts-route-service_delay/2,ts-route-service,delay,2,1706091325.0,1706090605.0,1706092045.0,1706090605.0008657,1706092044.609544,1706090605.0,1706092044.609,1706090605.0008657,1706092044.609,719.9991343021393,719.6089999675751,True,
RCAEval RE2-TT,ts-route-service_delay/3,ts-route-service,delay,3,1706092874.0,1706092154.0,1706093594.0,1706092154.0404174,1706093593.875675,1706092154.036,1706093593.875,1706092154.0404174,1706093593.875,719.959582567215,719.875,True,
RCAEval RE2-TT,ts-route-service_disk/1,ts-route-service,disk,1,1705990546.0,1705989826.0,1705991266.0,1705989826.1296506,1705991265.9653594,1705989826.128,1705991265.967,1705989826.1296506,1705991265.9653594,719.870349407196,719.9653594493866,True,
RCAEval RE2-TT,ts-route-service_disk/2,ts-route-service,disk,2,1706085230.0,1706084510.0,1706085950.0,1706084510.2051427,1706085949.9939747,1706084510.202,1706085950.0,1706084510.2051427,1706085949.9939747,719.7948572635651,719.993974685669,True,
RCAEval RE2-TT,ts-route-service_disk/3,ts-route-service,disk,3,1706183080.0,1706182360.0,1706183800.0,1706182360.0087216,1706183799.9980795,1706182360.006,1706183800.0,1706182360.0087216,1706183799.9980795,719.9912784099579,719.9980795383453,True,
RCAEval RE2-TT,ts-route-service_loss/1,ts-route-service,loss,1,1705993539.0,1705992819.0,1705994259.0,1705992819.0130696,1705994258.9985683,1705992819.003,1705994258.999,1705992819.0130696,1705994258.9985683,719.9869303703308,719.9985682964325,True,
RCAEval RE2-TT,ts-route-service_loss/2,ts-route-service,loss,2,1706094419.0,1706093699.0,1706095139.0,1706093700.0180483,1706095138.9985278,1706093700.017,1706095139.0,1706093700.0180483,1706095138.9985278,718.981951713562,719.998527765274,True,
RCAEval RE2-TT,ts-route-service_loss/3,ts-route-service,loss,3,1706102401.0,1706101681.0,1706103121.0,1706101681.0356162,1706103120.9972773,1706101681.036,1706103121.0,1706101681.036,1706103120.9972773,719.9639999866486,719.9972772598267,True,
RCAEval RE2-TT,ts-route-service_mem/1,ts-route-service,mem,1,1706179570.0,1706178850.0,1706180290.0,1706178850.0065694,1706180289.9995568,1706178850.006,1706180289.999,1706178850.0065694,1706180289.999,719.9934306144714,719.9990000724792,True,
RCAEval RE2-TT,ts-route-service_mem/2,ts-route-service,mem,2,1706082132.0,1706081412.0,1706082852.0,1706081412.0350797,1706082851.465131,1706081412.033,1706082851.46,1706081412.0350797,1706082851.46,719.9649202823639,719.460000038147,True,
RCAEval RE2-TT,ts-route-service_mem/3,ts-route-service,mem,3,1706083682.0,1706082962.0,1706084402.0,1706082962.0006907,1706084401.8503313,1706082962.0,1706084401.85,1706082962.0006907,1706084401.85,719.9993093013763,719.8499999046326,True,
RCAEval RE2-TT,ts-route-service_socket/1,ts-route-service,socket,1,1705992046.0,1705991326.0,1705992766.0,1705991326.0056589,1705992765.9904423,1705991326.003,1705992766.0,1705991326.0056589,1705992765.9904423,719.994341135025,719.990442276001,True,
RCAEval RE2-TT,ts-route-service_socket/2,ts-route-service,socket,2,1706088233.0,1706087513.0,1706088953.0,1706087513.0023146,1706088952.9792602,1706087513.004,1706088952.979,1706087513.004,1706088952.979,719.9960000514984,719.9790000915527,True,
RCAEval RE2-TT,ts-route-service_socket/3,ts-route-service,socket,3,1706089779.0,1706089059.0,1706090499.0,1706089059.5476816,1706090498.083903,1706089059.546,1706090498.078,1706089059.5476816,1706090498.078,719.4523184299469,719.0780000686646,True,
RCAEval RE2-TT,ts-train-service_cpu/1,ts-train-service,cpu,1,1705942599.0,1705941879.0,1705943319.0,1705941879.247618,1705943318.8477864,1705941879.246,1705943318.803,1705941879.247618,1705943318.803,719.7523820400238,719.8029999732971,True,
RCAEval RE2-TT,ts-train-service_cpu/2,ts-train-service,cpu,2,1706105498.0,1706104778.0,1706106218.0,1706104778.0003986,1706106217.9993396,1706104778.0,1706106217.998,1706104778.0003986,1706106217.998,719.9996013641357,719.9979999065399,True,
RCAEval RE2-TT,ts-train-service_cpu/3,ts-train-service,cpu,3,1706107045.0,1706106325.0,1706107765.0,1706106325.235559,1706107764.998199,1706106325.234,1706107765.0,1706106325.235559,1706107764.998199,719.7644410133362,719.9981989860535,True,
RCAEval RE2-TT,ts-train-service_delay/1,ts-train-service,delay,1,1705944092.0,1705943372.0,1705944812.0,1705943372.0046842,1705944811.9945326,1705943372.002,1705944811.997,1705943372.0046842,1705944811.9945326,719.9953157901764,719.994532585144,True,
RCAEval RE2-TT,ts-train-service_delay/2,ts-train-service,delay,2,1706123446.0,1706122726.0,1706124166.0,1706122726.005226,1706124165.9289298,1706122726.009,1706124165.931,1706122726.009,1706124165.9289298,719.9909999370575,719.9289298057556,True,
RCAEval RE2-TT,ts-train-service_delay/3,ts-train-service,delay,3,1706124991.0,1706124271.0,1706125711.0,1706124271.002816,1706125710.9974563,1706124271.0,1706125711.0,1706124271.002816,1706125710.9974563,719.9971840381622,719.9974563121796,True,
RCAEval RE2-TT,ts-train-service_disk/1,ts-train-service,disk,1,1706009807.0,1706009087.0,1706010527.0,1706009087.0447743,1706010526.997181,1706009087.037,1706010526.999,1706009087.0447743,1706010526.997181,719.9552257061005,719.9971809387207,True,
RCAEval RE2-TT,ts-train-service_disk/2,ts-train-service,disk,2,1706114212.0,1706113492.0,1706114932.0,1706113492.001972,1706114931.9992912,1706113492.001,1706114932.0,1706113492.001972,1706114931.9992912,719.9980280399323,719.9992911815643,True,
RCAEval RE2-TT,ts-train-service_disk/3,ts-train-service,disk,3,1706115759.0,1706115039.0,1706116479.0,1706115039.0389402,1706116478.9991903,1706115039.034,1706116479.0,1706115039.0389402,1706116478.9991903,719.9610598087311,719.9991903305054,True,
RCAEval RE2-TT,ts-train-service_loss/1,ts-train-service,loss,1,1708448623.0,1708447903.0,1708449343.0,1708447903.0104437,1708449342.9978845,1708447903.003,1708449342.999,1708447903.0104437,1708449342.9978845,719.989556312561,719.9978845119476,True,
RCAEval RE2-TT,ts-train-service_loss/2,ts-train-service,loss,2,1706126537.0,1706125817.0,1706127257.0,1706125817.002573,1706127256.86458,1706125817.001,1706127256.864,1706125817.002573,1706127256.864,719.9974269866943,719.864000082016,True,
RCAEval RE2-TT,ts-train-service_loss/3,ts-train-service,loss,3,1706128083.0,1706127363.0,1706128803.0,1706127363.0537403,1706128802.9926515,1706127363.051,1706128802.988,1706127363.0537403,1706128802.988,719.9462597370148,719.9879999160767,True,
RCAEval RE2-TT,ts-train-service_mem/1,ts-train-service,mem,1,1706008312.0,1706007592.0,1706009032.0,1706007592.0078218,1706009031.6609342,1706007592.002,1706009031.663,1706007592.0078218,1706009031.6609342,719.9921782016754,719.6609342098236,True,
RCAEval RE2-TT,ts-train-service_mem/2,ts-train-service,mem,2,1706111117.0,1706110397.0,1706111837.0,1706110397.0425103,1706111836.9359047,1706110397.034,1706111836.87,1706110397.0425103,1706111836.87,719.9574897289276,719.8699998855591,True,
RCAEval RE2-TT,ts-train-service_mem/3,ts-train-service,mem,3,1706112664.0,1706111944.0,1706113384.0,1706111944.0524359,1706113382.4665961,1706111944.049,1706113382.461,1706111944.0524359,1706113382.461,719.947564125061,718.4609999656677,True,
RCAEval RE2-TT,ts-train-service_socket/1,ts-train-service,socket,1,1705997317.0,1705996597.0,1705998037.0,1705997440.2894206,1705998036.9687083,1705996599.877,1705998036.284,1705997440.2894206,1705998036.284,-123.28942060470581,719.2839999198914,False,log modality begins 123.3 s after inject_time
RCAEval RE2-TT,ts-train-service_socket/2,ts-train-service,socket,2,1706117304.0,1706116584.0,1706118024.0,1706116584.0055282,1706118023.982549,1706116584.004,1706118023.982,1706116584.0055282,1706118023.982,719.9944717884064,719.9820001125336,True,
RCAEval RE2-TT,ts-train-service_socket/3,ts-train-service,socket,3,1706121899.0,1706121179.0,1706122619.0,1706121179.0004725,1706122618.9986928,1706121179.036,1706122619.0,1706121179.036,1706122618.9986928,719.9639999866486,719.9986927509308,True,
RCAEval RE2-TT,ts-travel-service_cpu/1,ts-travel-service,cpu,1,1708453056.0,1708452336.0,1708453776.0,1708452336.1106734,1708453775.5176623,1708452336.105,1708453775.512,1708452336.1106734,1708453775.512,719.8893265724182,719.5120000839233,True,
RCAEval RE2-TT,ts-travel-service_cpu/2,ts-travel-service,cpu,2,1706135598.0,1706134878.0,1706136318.0,1706134878.0016537,1706136317.870168,1706134878.0,1706136317.866,1706134878.0016537,1706136317.866,719.9983463287354,719.8659999370575,True,
RCAEval RE2-TT,ts-travel-service_cpu/3,ts-travel-service,cpu,3,1706137144.0,1706136424.0,1706137864.0,1706136424.0371177,1706137863.6160686,1706136424.036,1706137863.612,1706136424.0371177,1706137863.612,719.9628822803497,719.6119999885559,True,
RCAEval RE2-TT,ts-travel-service_delay/1,ts-travel-service,delay,1,1706013574.0,1706012854.0,1706014294.0,1706012854.0697582,1706014293.9886138,1706012854.069,1706014293.988,1706012854.0697582,1706014293.988,719.9302418231964,719.9879999160767,True,
RCAEval RE2-TT,ts-travel-service_delay/2,ts-travel-service,delay,2,1706151818.0,1706151098.0,1706152538.0,1706151098.0409555,1706152537.9975913,1706151098.034,1706152538.0,1706151098.0409555,1706152537.9975913,719.9590444564819,719.9975912570953,True,
RCAEval RE2-TT,ts-travel-service_delay/3,ts-travel-service,delay,3,1706153370.0,1706152650.0,1706154090.0,1706152650.000536,1706154089.9883707,1706152650.0,1706154089.999,1706152650.000536,1706154089.9883707,719.9994640350342,719.9883706569672,True,
RCAEval RE2-TT,ts-travel-service_disk/1,ts-travel-service,disk,1,1706012083.0,1706011363.0,1706012803.0,1706011363.213519,1706012802.9890568,1706011363.212,1706012802.998,1706011363.213519,1706012802.9890568,719.7864809036255,719.9890568256378,True,
RCAEval RE2-TT,ts-travel-service_disk/2,ts-travel-service,disk,2,1706143230.0,1706142510.0,1706143950.0,1706142510.8491004,1706143949.4474163,1706142510.847,1706143949.442,1706142510.8491004,1706143949.442,719.1508996486664,719.441999912262,True,
RCAEval RE2-TT,ts-travel-service_disk/3,ts-travel-service,disk,3,1706144777.0,1706144057.0,1706145497.0,1706144057.5418293,1706145496.6786084,1706144057.986,1706145496.673,1706144057.986,1706145496.673,719.0139999389648,719.6730000972748,True,
RCAEval RE2-TT,ts-travel-service_loss/1,ts-travel-service,loss,1,1708454598.0,1708453878.0,1708455318.0,1708453878.0063162,1708455317.9997833,1708453878.011,1708455317.996,1708453878.011,1708455317.996,719.989000082016,719.9960000514984,True,
RCAEval RE2-TT,ts-travel-service_loss/2,ts-travel-service,loss,2,1706154918.0,1706154198.0,1706155638.0,1706154198.0074294,1706155637.9977725,1706154198.006,1706155638.0,1706154198.0074294,1706155637.9977725,719.9925706386566,719.9977724552155,True,
RCAEval RE2-TT,ts-travel-service_loss/3,ts-travel-service,loss,3,1708456140.0,1708455420.0,1708456860.0,1708455420.0030432,1708456859.6759903,1708455420.004,1708456859.438,1708455420.004,1708456859.438,719.9960000514984,719.4379999637604,True,
RCAEval RE2-TT,ts-travel-service_mem/1,ts-travel-service,mem,1,1706202000.0,1706201280.0,1706202720.0,1706201280.040417,1706202719.9998562,1706201280.04,1706202719.997,1706201280.040417,1706202719.997,719.9595830440521,719.9969999790192,True,
RCAEval RE2-TT,ts-travel-service_mem/2,ts-travel-service,mem,2,1706203551.0,1706202831.0,1706204271.0,1706202831.0046656,1706204270.9879959,1706202831.0,1706204270.99,1706202831.0046656,1706204270.9879959,719.9953343868256,719.9879958629608,True,
RCAEval RE2-TT,ts-travel-service_mem/3,ts-travel-service,mem,3,1706207458.0,1706206738.0,1706208178.0,1706206738.0764046,1706208177.9931161,1706206738.073,1706208178.0,1706206738.0764046,1706208177.9931161,719.9235954284668,719.9931161403656,True,
RCAEval RE2-TT,ts-travel-service_socket/1,ts-travel-service,socket,1,1706146324.0,1706145604.0,1706147044.0,1706145604.0407174,1706147043.0466645,1706145604.038,1706147043.039,1706145604.0407174,1706147043.039,719.9592826366425,719.0390000343323,True,
RCAEval RE2-TT,ts-travel-service_socket/2,ts-travel-service,socket,2,1706148724.0,1706148004.0,1706149444.0,1706148004.0361693,1706149443.9985814,1706148004.034,1706149444.0,1706148004.0361693,1706149443.9985814,719.9638307094574,719.9985814094543,True,
RCAEval RE2-TT,ts-travel-service_socket/3,ts-travel-service,socket,3,1706150271.0,1706149551.0,1706150991.0,1706149551.0345876,1706150990.9374652,1706149551.034,1706150990.869,1706149551.0345876,1706150990.869,719.9654123783112,719.8689999580383,True,
RCAEval RE3-OB,adservice_f3/1,adservice,f3,1,1731903960.0,1731903240.0,1731904680.0,1731903240.2046573,1731904679.9843113,1731903240.203,1731904679.98,1731903240.2046573,1731904679.98,719.7953426837921,719.9800000190735,True,
RCAEval RE3-OB,adservice_f3/2,adservice,f3,2,1732275199.0,1732274479.0,1732275919.0,1732274479.1313825,1732275918.9984498,1732274479.131,1732275919.0,1732274479.1313825,1732275918.9984498,719.8686175346375,719.9984498023987,True,
RCAEval RE3-OB,adservice_f3/3,adservice,f3,3,1732363998.0,1732363278.0,1732364718.0,1732363278.004496,1732364717.7842216,1732363278.0,1732364717.865,1732363278.004496,1732364717.7842216,719.9955039024353,719.7842216491699,True,
RCAEval RE3-OB,adservice_f4/1,adservice,f4,1,1731905504.0,1731904784.0,1731906224.0,1731904784.0073817,1731906223.996992,1731904784.0,1731906224.0,1731904784.0073817,1731906223.996992,719.9926183223724,719.996992111206,True,
RCAEval RE3-OB,adservice_f4/2,adservice,f4,2,1732276743.0,1732276023.0,1732277463.0,1732276023.0407274,1732277462.9395025,1732276023.04,1732277462.936,1732276023.0407274,1732277462.936,719.9592726230621,719.9360001087189,True,
RCAEval RE3-OB,adservice_f4/3,adservice,f4,3,1732365542.0,1732364822.0,1732366262.0,1732364822.0869012,1732366261.8462174,1732364822.086,1732366261.937,1732364822.0869012,1732366261.8462174,719.9130988121033,719.8462173938751,True,
RCAEval RE3-OB,adservice_f5/1,adservice,f5,1,1731907048.0,1731906328.0,1731907768.0,1731906328.4139698,1731907767.995574,1731906328.413,1731907768.0,1731906328.4139698,1731907767.995574,719.5860302448273,719.9955739974976,True,
RCAEval RE3-OB,adservice_f5/2,adservice,f5,2,1732278287.0,1732277567.0,1732279007.0,1732277567.0446923,1732279006.7518246,1732277567.044,1732279006.75,1732277567.0446923,1732279006.75,719.9553077220917,719.75,True,
RCAEval RE3-OB,adservice_f5/3,adservice,f5,3,1732367086.0,1732366366.0,1732367806.0,1732366366.001939,1732367805.8142476,1732366366.003,1732367805.812,1732366366.003,1732367805.812,719.9969999790192,719.8120000362396,True,
RCAEval RE3-OB,cartservice_f1/1,cartservice,f1,1,1731908592.0,1731907872.0,1731909312.0,1731907872.1137168,1731909311.9983256,1731907872.113,1731909311.993,1731907872.1137168,1731909311.993,719.886283159256,719.9930000305176,True,
RCAEval RE3-OB,cartservice_f1/2,cartservice,f1,2,1732279831.0,1732279111.0,1732280551.0,1732279111.0016446,1732280550.6394846,1732279111.365,1732280550.634,1732279111.365,1732280550.634,719.6349999904633,719.6340000629425,True,
RCAEval RE3-OB,cartservice_f1/3,cartservice,f1,3,1732368630.0,1732367910.0,1732369350.0,1732367910.0031543,1732369349.7833116,1732367910.001,1732369349.779,1732367910.0031543,1732369349.779,719.9968457221985,719.779000043869,True,
RCAEval RE3-OB,currencyservice_f1/1,currencyservice,f1,1,1731910135.0,1731909415.0,1731910855.0,1731909415.0011199,1731910854.890976,1731909415.0,1731910854.888,1731909415.0011199,1731910854.888,719.998880147934,719.8880000114441,True,
RCAEval RE3-OB,currencyservice_f1/2,currencyservice,f1,2,1732281375.0,1732280655.0,1732282095.0,1732280655.0952692,1732282094.3912196,1732280655.008,1732282094.388,1732280655.0952692,1732282094.388,719.904730796814,719.3880000114441,True,
RCAEval RE3-OB,currencyservice_f1/3,currencyservice,f1,3,1732370174.0,1732369454.0,1732370894.0,1732369454.3598883,1732370893.653302,1732369454.359,1732370893.653,1732369454.3598883,1732370893.653,719.6401116847992,719.6530001163483,True,
RCAEval RE3-OB,emailservice_f1/1,emailservice,f1,1,1731911680.0,1731910960.0,1731912400.0,1731910960.1811306,1731912399.605671,1731910960.029,1731912399.601,1731910960.1811306,1731912399.601,719.8188693523407,719.6010000705719,True,
RCAEval RE3-OB,emailservice_f1/2,emailservice,f1,2,1732282919.0,1732282199.0,1732283639.0,1732282199.0039368,1732283638.237303,1732282199.0,1732283638.385,1732282199.0039368,1732283638.237303,719.9960632324219,719.23730301857,True,
RCAEval RE3-OB,emailservice_f1/3,emailservice,f1,3,1732371718.0,1732370998.0,1732372438.0,1732370999.3859499,1732372437.9886272,1732370998.666,1732372437.998,1732370999.3859499,1732372437.9886272,718.6140501499176,719.9886271953583,True,
RCAEval RE3-OB,emailservice_f2/1,emailservice,f2,1,1731913224.0,1731912504.0,1731913944.0,1731912504.4737515,1731913943.7913551,1731912504.473,1731913943.788,1731912504.4737515,1731913943.788,719.5262484550476,719.7880001068115,True,
RCAEval RE3-OB,emailservice_f2/2,emailservice,f2,2,1732284463.0,1732283743.0,1732285183.0,1732283743.0007224,1732285182.9633048,1732283743.0,1732285182.96,1732283743.0007224,1732285182.96,719.9992775917053,719.960000038147,True,
RCAEval RE3-OB,emailservice_f2/3,emailservice,f2,3,1732373262.0,1732372542.0,1732373982.0,1732372542.0350857,1732373981.8927245,1732372542.034,1732373981.887,1732372542.0350857,1732373981.887,719.9649143218994,719.8870000839233,True,
RCAEval RE3-OB,emailservice_f3/1,emailservice,f3,1,1731914768.0,1731914048.0,1731915488.0,1731914048.7245567,1731915487.9637656,1731914048.724,1731915487.96,1731914048.7245567,1731915487.96,719.275443315506,719.960000038147,True,
RCAEval RE3-OB,emailservice_f3/2,emailservice,f3,2,1732286006.0,1732285286.0,1732286726.0,1732285286.0612793,1732286725.6637843,1732285286.061,1732286725.659,1732285286.0612793,1732286725.659,719.938720703125,719.6589999198914,True,
RCAEval RE3-OB,emailservice_f3/3,emailservice,f3,3,1732374805.0,1732374085.0,1732375525.0,1732374085.0705585,1732375524.954971,1732374085.07,1732375524.952,1732374085.0705585,1732375524.952,719.9294414520264,719.9519999027252,True,
RCAEval RE3-OB,emailservice_f4/1,emailservice,f4,1,1731916312.0,1731915592.0,1731917032.0,1731915592.0004134,1731917031.997918,1731915592.004,1731917032.0,1731915592.004,1731917031.997918,719.9960000514984,719.9979178905487,True,
RCAEval RE3-OB,emailservice_f4/2,emailservice,f4,2,1732287550.0,1732286830.0,1732288270.0,1732286830.1226325,1732288269.7211862,1732286830.122,1732288269.719,1732286830.1226325,1732288269.719,719.8773674964905,719.7190001010895,True,
RCAEval RE3-OB,emailservice_f4/3,emailservice,f4,3,1732376349.0,1732375629.0,1732377069.0,1732375629.3005111,1732377068.8787231,1732375629.275,1732377068.876,1732375629.3005111,1732377068.876,719.6994888782501,719.8759999275208,True,
RCAEval RE3-OB,emailservice_f5/1,emailservice,f5,1,1731917856.0,1731917136.0,1731918576.0,1731917136.0757515,1731918575.5539217,1731917136.075,1731918575.877,1731917136.0757515,1731918575.5539217,719.924248456955,719.5539216995239,True,
RCAEval RE3-OB,emailservice_f5/2,emailservice,f5,2,1732289094.0,1732288374.0,1732289814.0,1732288374.3837564,1732289813.822379,1732288374.383,1732289813.961,1732288374.3837564,1732289813.822379,719.6162436008453,719.8223791122437,True,
RCAEval RE3-OB,emailservice_f5/3,emailservice,f5,3,1732377893.0,1732377173.0,1732378613.0,1732377173.05045,1732378612.923552,1732377173.05,1732378612.919,1732377173.05045,1732378612.919,719.9495499134064,719.9189999103546,True,
RCAEval RE3-TT,ts-auth-service_f1/1,ts-auth-service,f1,1,1733591947.0,1733591047.0,1733592847.0,1733591047.8526633,1733592845.9976575,1733591047.847,1733592845.765,1733591047.8526633,1733592845.765,899.1473367214203,898.7650001049042,True,
RCAEval RE3-TT,ts-auth-service_f1/2,ts-auth-service,f1,2,1733638682.0,1733637782.0,1733639582.0,1733637782.4737623,1733639581.993451,1733637782.477,1733639581.813,1733637782.477,1733639581.813,899.5230000019073,899.8129999637604,True,
RCAEval RE3-TT,ts-auth-service_f1/3,ts-auth-service,f1,3,1733640809.0,1733639909.0,1733641709.0,1733639909.9385934,1733641708.3914099,1733639909.934,1733641707.979,1733639909.9385934,1733641707.979,899.0614066123962,898.9790000915527,True,
RCAEval RE3-TT,ts-auth-service_f1/4,ts-auth-service,f1,4,1733832191.0,1733831291.0,1733833091.0,1733831291.0225816,1733833089.7030478,1733831291.251,1733833089.534,1733831291.251,1733833089.534,899.7490000724792,898.5339999198914,True,
RCAEval RE3-TT,ts-auth-service_f2/1,ts-auth-service,f2,1,1733594074.0,1733593174.0,1733594974.0,1733593174.1133401,1733594972.3818057,1733593174.11,1733594972.164,1733593174.1133401,1733594972.164,899.886659860611,898.1640000343323,True,
RCAEval RE3-TT,ts-auth-service_f2/2,ts-auth-service,f2,2,1733642936.0,1733642036.0,1733643836.0,1733642036.0233822,1733643835.8749762,1733642036.019,1733643835.874,1733642036.0233822,1733643835.874,899.9766178131104,899.8740000724792,True,
RCAEval RE3-TT,ts-auth-service_f2/3,ts-auth-service,f2,3,1733645063.0,1733644163.0,1733645963.0,1733644163.9214625,1733645962.2947361,1733644163.917,1733645962.082,1733644163.9214625,1733645962.082,899.0785374641418,899.0820000171661,True,
RCAEval RE3-TT,ts-auth-service_f2/4,ts-auth-service,f2,4,1733834319.0,1733833419.0,1733835219.0,1733833419.0035653,1733835218.790654,1733833419.006,1733835218.592,1733833419.006,1733835218.592,899.9939999580383,899.5920000076294,True,
RCAEval RE3-TT,ts-auth-service_f3/1,ts-auth-service,f3,1,1733596193.0,1733595293.0,1733597093.0,1733595293.6381369,1733597092.7829888,1733595293.627,1733597092.779,1733595293.6381369,1733597092.779,899.3618631362915,899.779000043869,True,
RCAEval RE3-TT,ts-auth-service_f3/2,ts-auth-service,f3,2,1733647181.0,1733646281.0,1733648081.0,1733646281.0801144,1733648079.1344128,1733646282.282,1733648079.131,1733646282.282,1733648079.131,898.7179999351501,898.1310000419617,True,
RCAEval RE3-TT,ts-auth-service_f3/3,ts-auth-service,f3,3,1733649309.0,1733648409.0,1733650209.0,1733648409.0055718,1733650208.807653,1733648409.003,1733650208.803,1733648409.0055718,1733650208.803,899.9944281578064,899.8029999732971,True,
RCAEval RE3-TT,ts-auth-service_f3/4,ts-auth-service,f3,4,1733836446.0,1733835546.0,1733837346.0,1733835546.0007677,1733837345.6553502,1733835546.0,1733837345.651,1733835546.0007677,1733837345.651,899.9992322921753,899.6510000228882,True,
RCAEval RE3-TT,ts-auth-service_f4/1,ts-auth-service,f4,1,1733598330.0,1733597430.0,1733599230.0,1733597430.034267,1733599228.995527,1733597430.402,1733599228.99,1733597430.402,1733599228.99,899.5980000495911,898.9900000095367,True,
RCAEval RE3-TT,ts-auth-service_f4/2,ts-auth-service,f4,2,1733651436.0,1733650536.0,1733652336.0,1733650537.4246664,1733652335.893604,1733650537.422,1733652335.889,1733650537.4246664,1733652335.889,898.5753335952759,899.8889999389648,True,
RCAEval RE3-TT,ts-auth-service_f4/3,ts-auth-service,f4,3,1733653563.0,1733652663.0,1733654463.0,1733652663.0812166,1733654462.9015667,1733652663.078,1733654462.896,1733652663.0812166,1733654462.896,899.9187834262848,899.8959999084473,True,
RCAEval RE3-TT,ts-route-service_f1/1,ts-route-service,f1,1,1733600467.0,1733599567.0,1733601367.0,1733599568.7353005,1733601366.6883712,1733599568.731,1733601366.681,1733599568.7353005,1733601366.681,898.2646994590759,899.680999994278,True,
RCAEval RE3-TT,ts-route-service_f1/2,ts-route-service,f1,2,1733655701.0,1733654801.0,1733656601.0,1733654801.3644743,1733656600.9866488,1733654801.357,1733656600.978,1733654801.3644743,1733656600.978,899.6355257034302,899.9779999256134,True,
RCAEval RE3-TT,ts-route-service_f1/3,ts-route-service,f1,3,1733657818.0,1733656918.0,1733658718.0,1733656918.0028408,1733658717.996644,1733656918.001,1733658717.997,1733656918.0028408,1733658717.996644,899.99715924263,899.9966440200806,True,
RCAEval RE3-TT,ts-route-service_f2/1,ts-route-service,f2,1,1733602594.0,1733601694.0,1733603494.0,1733601694.5092819,1733603493.9720352,1733601694.504,1733603493.964,1733601694.5092819,1733603493.964,899.490718126297,899.9639999866486,True,
RCAEval RE3-TT,ts-route-service_f2/2,ts-route-service,f2,2,1733659934.0,1733659034.0,1733660834.0,1733659034.0167098,1733660833.9920797,1733659034.511,1733660833.993,1733659034.511,1733660833.9920797,899.489000082016,899.9920797348022,True,
RCAEval RE3-TT,ts-route-service_f2/3,ts-route-service,f2,3,1733662062.0,1733661162.0,1733662962.0,1733661164.3459156,1733662960.6824648,1733661164.343,1733662960.678,1733661164.3459156,1733662960.678,897.654084444046,898.6779999732971,True,
RCAEval RE3-TT,ts-route-service_f3/1,ts-route-service,f3,1,1733604722.0,1733603822.0,1733605622.0,1733603822.0815125,1733605621.4179251,1733603822.0,1733605621.413,1733603822.0815125,1733605621.413,899.9184875488281,899.4130001068115,True,
RCAEval RE3-TT,ts-route-service_f3/2,ts-route-service,f3,2,1733664189.0,1733663289.0,1733665089.0,1733663289.0039973,1733665088.9992614,1733663289.002,1733665089.0,1733663289.0039973,1733665088.9992614,899.9960026741028,899.999261379242,True,
RCAEval RE3-TT,ts-route-service_f3/3,ts-route-service,f3,3,1733666306.0,1733665406.0,1733667206.0,1733665407.531643,1733667204.046398,1733665407.529,1733667204.038,1733665407.531643,1733667204.038,898.4683570861816,898.0380001068115,True,
RCAEval RE3-TT,ts-route-service_f3_1/1,ts-route-service_f3,1,1,1733608978.0,1733608078.0,1733609878.0,1733608078.6935494,1733609877.9973054,1733608078.689,1733609877.991,1733608078.6935494,1733609877.991,899.3064506053925,899.9909999370575,True,
RCAEval RE3-TT,ts-route-service_f3_1/2,ts-route-service_f3,1,2,1733672669.0,1733671769.0,1733673569.0,1733671769.798294,1733673566.4841475,1733671769.796,1733673566.477,1733671769.798294,1733673566.477,899.2017059326172,897.4769999980927,True,
RCAEval RE3-TT,ts-route-service_f3_1/3,ts-route-service_f3,1,3,1733674797.0,1733673897.0,1733675697.0,1733673897.0044122,1733675696.554108,1733673897.001,1733675696.546,1733673897.0044122,1733675696.546,899.9955878257751,899.5460000038147,True,
RCAEval RE3-TT,ts-route-service_f4/1,ts-route-service,f4,1,1733606851.0,1733605951.0,1733607751.0,1733605951.4252813,1733607750.8612702,1733605952.286,1733607750.857,1733605952.286,1733607750.857,898.7139999866486,899.8570001125336,True,
RCAEval RE3-TT,ts-route-service_f4/2,ts-route-service,f4,2,1733668424.0,1733667524.0,1733669324.0,1733667524.3383796,1733669323.1702979,1733667524.297,1733669323.163,1733667524.3383796,1733669323.163,899.6616203784943,899.1630001068115,True,
RCAEval RE3-TT,ts-route-service_f4/3,ts-route-service,f4,3,1733670551.0,1733669651.0,1733671451.0,1733669651.0582643,1733671450.9929028,1733669651.001,1733671450.996,1733669651.0582643,1733671450.9929028,899.9417357444763,899.9929027557373,True,
